{
  "__version__": "1.0.0",
  "current-scene": "",
  "gizmos-infos": {
    "is2D": false,
    "is3DIcon": true,
    "iconSize": 0,
    "gridVisible": true,
    "gridColor": [
      150,
      150,
      150,
      255
    ],
    "isIconGizmo3D": true,
    "iconGizmoSize": 0,
    "isGridVisible": true
  },
  "camera-infos": {
    "f46876e4-e81b-4931-b493-6d367be385e7": {
      "position": {
        "x": 0,
        "y": 0,
        "z": 0
      },
      "rotation": {
        "x": 0,
        "y": 0,
        "z": 0,
        "w": 1
      },
      "viewCenter": {
        "x": 0,
        "y": 0,
        "z": 0
      }
    },
    "56ff2397-ea42-4f84-9461-6874411ff217": {
      "position": {
        "x": 489.1714860209245,
        "y": 208.53804826379388,
        "z": 981.9066280179289
      },
      "rotation": {
        "x": 0.01442510617755535,
        "y": -0.0011817205540394064,
        "z": 0.00001698253159197587,
        "w": 0.999895246296441
      },
      "viewCenter": {
        "x": 491.6492316655773,
        "y": 238.78987499665365,
        "z": -66.34485377311819
      }
    },
    "72f80804-3ccb-48c3-85db-374282c9317c": {
      "position": {
        "x": 414.30838076261176,
        "y": 466.6219453909777,
        "z": 1186.5800475363014
      },
      "rotation": {
        "x": -0.020964058732795852,
        "y": -0.03510445128658855,
        "z": -0.0007365479217137318,
        "w": 0.9991634717294635
      },
      "viewCenter": {
        "x": 513.3259586252657,
        "y": 407.3904817053871,
        "z": -220.82869250808653
      }
    }
  },
  "camera-uuids": [
    "f46876e4-e81b-4931-b493-6d367be385e7"
  ],
  "float-window": {
    "position": {
      "cc": {
        "Camera": {
          "dock": false,
          "top": null,
          "bottom": 10,
          "left": null,
          "right": 10
        },
        "ParticleSystem": {
          "dock": false,
          "top": null,
          "bottom": 10,
          "left": null,
          "right": 10
        }
      }
    }
  },
  "scene": {
    "native": false
  },
  "camera": {
    "fov": 45,
    "far": 10000,
    "near": 0.01,
    "color": [
      48,
      48,
      48,
      255
    ],
    "wheelSpeed": 0.01,
    "wanderSpeed": 10,
    "enableAcceleration": true,
    "far2D": 10000,
    "near2D": 1,
    "wheelSpeed2D": 6,
    "size": "__default_design__"
  }
}
